id,user_id,login_timestamp
1,36,1517667588
2,6,1517828610
3,85,1518062400
4,12,1518175184
5,6,1518344617
6,54,1518391293
7,6,1518445736
8,36,1518478546
9,80,1518613028
10,92,1518679436
11,12,1518853694
12,6,1518981764
13,36,1519053289
14,36,1519070237
15,6,1519073133
16,80,1519186294
17,6,1519262581
18,71,1519266744
19,65,1519292435
20,92,1519316301
21,6,1519375414
22,6,1519395342
23,54,1519473525
24,54,1519502906
25,79,1519629137
26,36,1519649166
27,6,1519674535
28,36,1519688743
29,12,1519742330
30,36,1519805483
31,80,1519831557
32,6,1519845314
33,36,1519848217
34,60,1519870582
35,6,1519892882
36,12,1519897735
37,65,1519903467
38,92,1519920035
39,6,1519945380
40,92,1519953035
41,36,1519996019
42,65,1519996052
43,92,1519996395
44,65,1520041659
45,92,1520089691
46,40,1520152315
47,92,1520202389
48,92,1520211807
49,71,1520230382
50,84,1520233203
51,92,1520234908
52,6,1520257292
53,92,1520272987
54,71,1520307678
55,36,1520365683
56,65,1520367673
57,92,1520406875
58,12,1520445467
59,65,1520506099
60,36,1520519614
61,12,1520554008
62,79,1520554344
63,12,1520561413
64,92,1520564982
65,36,1520578143
66,92,1520586197
67,65,1520598274
68,65,1520622485
69,6,1520668455
70,92,1520695081
71,40,1520715356
72,54,1520769217
73,84,1520776914
74,12,1520780755
75,84,1520852587
76,79,1520889934
77,60,1520891009
78,92,1520911633
79,54,1520923388
80,36,1520926809
81,92,1520961994
82,14,1521009662
83,36,1521010370
84,40,1521010429
85,60,1521015386
86,65,1521020336
87,12,1521094805
88,60,1521096916
89,6,1521106841
90,92,1521108202
91,80,1521132423
92,92,1521176499
93,51,1521201262
94,92,1521253040
95,40,1521264649
96,84,1521276497
97,79,1521296665
98,71,1521301204
99,12,1521324106
100,65,1521327478
101,65,1521341202
102,13,1521354701
103,60,1521356969
104,92,1521396253
105,92,1521444084
106,60,1521467987
107,80,1521495986
108,84,1521499313
109,65,1521500571
110,67,1521500699
111,92,1521504905
112,36,1521512340
113,92,1521512625
114,84,1521548625
115,92,1521577074
116,92,1521584764
117,40,1521605039
118,12,1521607966
119,65,1521612766
120,36,1521620914
121,54,1521620977
122,71,1521632608
123,40,1521663121
124,79,1521680076
125,79,1521729910
126,65,1521765103
127,92,1521776434
128,92,1521802335
129,79,1521822005
130,92,1521855832
131,14,1521868753
132,51,1521875821
133,36,1521879201
134,14,1521883579
135,71,1521887301
136,71,1521899597
137,65,1521909995
138,92,1521927143
139,14,1521934244
140,92,1521959157
141,12,1521969793
142,6,1522049437
143,92,1522142028
144,60,1522158482
145,80,1522164915
146,79,1522223552
147,12,1522256474
148,80,1522262350
149,36,1522275613
150,65,1522289030
151,71,1522307029
152,54,1522345102
153,40,1522362175
154,92,1522371274
155,14,1522443353
156,14,1522469738
157,67,1522490495
158,14,1522528487
159,14,1522529083
160,84,1522538949
161,51,1522563677
162,60,1522611660
163,51,1522613711
164,36,1522703747
165,71,1522714390
166,92,1522733008
167,65,1522776318
168,80,1522799751
169,14,1522801090
170,35,1522804458
171,79,1522835739
172,92,1522883217
173,49,1522898194
174,51,1522915686
175,65,1522917376
176,92,1522932953
177,92,1522945260
178,92,1522962431
179,65,1523010615
180,79,1523076879
181,14,1523078596
182,60,1523083508
183,67,1523126826
184,84,1523134798
185,67,1523161675
186,67,1523177922
187,51,1523196906
188,67,1523198282
189,80,1523237577
190,67,1523267085
191,14,1523401174
192,34,1523502248
193,49,1523520463
194,49,1523566748
195,51,1523630232
196,35,1523657748
197,67,1523684549
198,92,1523698176
199,65,1523731026
200,14,1523731311
201,51,1523750093
202,67,1523762855
203,71,1523804419
204,14,1523805617
205,36,1523820757
206,80,1523837396
207,67,1523890788
208,67,1523895320
209,14,1523905972
210,71,1523907888
211,67,1523985813
212,84,1523986140
213,67,1524014576
214,67,1524042180
215,3,1524048911
216,67,1524076075
217,51,1524104549
218,35,1524117258
219,49,1524131193
220,51,1524225424
221,67,1524226059
222,14,1524254724
223,51,1524263366
224,35,1524303181
225,67,1524310669
226,60,1524324563
227,67,1524325245
228,35,1524411560
229,35,1524434543
230,79,1524456907
231,10,1524463378
232,34,1524468843
233,14,1524481895
234,67,1524482579
235,79,1524507269
236,67,1524558259
237,48,1524561391
238,35,1524570093
239,14,1524632475
240,62,1524638310
241,49,1524676385
242,67,1524689653
243,67,1524709427
244,84,1524732615
245,67,1524769484
246,45,1524776878
247,35,1524788396
248,3,1524829551
249,67,1524835234
250,67,1524914995
251,3,1524915575
252,71,1524918492
253,34,1524927876
254,71,1524991828
255,28,1525021075
256,34,1525025424
257,67,1525030130
258,35,1525036136
259,48,1525051843
260,34,1525069364
261,48,1525094784
262,49,1525101530
263,48,1525106375
264,35,1525157804
265,10,1525178337
266,48,1525214099
267,79,1525218201
268,34,1525245124
269,62,1525255571
270,35,1525263189
271,67,1525279701
272,35,1525302335
273,67,1525329532
274,34,1525360196
275,67,1525379376
276,35,1525381946
277,79,1525385988
278,71,1525400026
279,35,1525427245
280,76,1525443826
281,34,1525487609
282,62,1525505385
283,3,1525519899
284,34,1525539044
285,79,1525612119
286,67,1525619124
287,34,1525645946
288,10,1525649318
289,35,1525656636
290,35,1525688762
291,45,1525742877
292,67,1525750438
293,67,1525758811
294,52,1525761025
295,67,1525776342
296,62,1525806833
297,67,1525816068
298,62,1525821887
299,34,1525830811
300,67,1525843213
301,79,1525860757
302,34,1525871795
303,48,1525889249
304,67,1525904262
305,48,1525908818
306,67,1525926831
307,14,1525944539
308,67,1525952906
309,34,1525973052
310,48,1525986392
311,34,1525988024
312,45,1525999227
313,86,1526003367
314,35,1526010923
315,48,1526015530
316,34,1526032754
317,28,1526051249
318,35,1526057829
319,28,1526093619
320,10,1526132548
321,34,1526132565
322,35,1526145886
323,34,1526156781
324,35,1526171763
325,62,1526173531
326,48,1526184376
327,76,1526186718
328,34,1526198564
329,34,1526202775
330,34,1526204508
331,35,1526207441
332,62,1526208889
333,35,1526223252
334,35,1526224538
335,67,1526237863
336,62,1526267222
337,3,1526282980
338,35,1526299370
339,34,1526310306
340,67,1526311770
341,35,1526313989
342,52,1526319833
343,79,1526321225
344,52,1526322291
345,28,1526325293
346,48,1526351340
347,48,1526352676
348,3,1526358617
349,34,1526361736
350,67,1526366639
351,34,1526368035
352,3,1526373020
353,62,1526400073
354,34,1526434528
355,34,1526439173
356,28,1526439748
357,79,1526457953
358,86,1526475811
359,90,1526491541
360,67,1526510868
361,30,1526514111
362,3,1526518288
363,67,1526535885
364,79,1526537344
365,34,1526540579
366,48,1526552391
367,28,1526553071
368,28,1526567980
369,62,1526577444
370,67,1526587957
371,3,1526613469
372,48,1526620502
373,86,1526644300
374,34,1526669184
375,76,1526673282
376,52,1526692205
377,71,1526693380
378,48,1526697784
379,79,1526706113
380,34,1526713101
381,11,1526715037
382,62,1526715129
383,3,1526735637
384,35,1526745041
385,48,1526748301
386,52,1526769399
387,79,1526780111
388,76,1526787341
389,52,1526805589
390,10,1526824750
391,34,1526832601
392,34,1526848500
393,35,1526853005
394,48,1526862179
395,10,1526869791
396,67,1526883252
397,86,1526884198
398,79,1526907517
399,79,1526908824
400,34,1526939501
401,67,1526941900
402,98,1526945426
403,30,1526955679
404,67,1526965221
405,31,1526975389
406,34,1526981653
407,61,1526991999
408,52,1527002612
409,10,1527018081
410,27,1527035315
411,28,1527035759
412,48,1527038932
413,3,1527044719
414,35,1527055989
415,50,1527073734
416,48,1527073747
417,95,1527075663
418,48,1527089597
419,48,1527100753
420,28,1527108164
421,90,1527108412
422,67,1527137477
423,35,1527192962
424,86,1527194399
425,48,1527206467
426,48,1527230942
427,11,1527253126
428,35,1527254359
429,67,1527255313
430,34,1527267374
431,28,1527270666
432,28,1527271945
433,34,1527339538
434,67,1527345637
435,48,1527381629
436,79,1527386587
437,86,1527390730
438,35,1527404544
439,52,1527410995
440,67,1527411276
441,98,1527413909
442,48,1527421463
443,52,1527437158
444,28,1527442218
445,11,1527443807
446,3,1527447867
447,34,1527473970
448,48,1527481852
449,10,1527482868
450,27,1527487294
451,48,1527492011
452,48,1527512110
453,86,1527516925
454,90,1527517472
455,48,1527536013
456,28,1527540175
457,48,1527541948
458,11,1527569115
459,48,1527603823
460,67,1527604064
461,52,1527608678
462,62,1527627057
463,79,1527632613
464,61,1527636063
465,14,1527657910
466,52,1527661797
467,28,1527666997
468,67,1527700564
469,86,1527703694
470,67,1527709453
471,34,1527717674
472,52,1527730159
473,3,1527732222
474,31,1527736935
475,95,1527737778
476,3,1527740430
477,30,1527769367
478,34,1527769941
479,48,1527783218
480,76,1527792703
481,79,1527807709
482,61,1527819054
483,27,1527842506
484,35,1527847856
485,50,1527867321
486,67,1527869366
487,30,1527887619
488,95,1527887792
489,48,1527898041
490,11,1527900644
491,3,1527903264
492,50,1527903451
493,52,1527916113
494,31,1527948814
495,34,1527955226
496,63,1527963563
497,95,1527975383
498,28,1527978965
499,3,1527979100
500,39,1527996294
501,61,1527997575
502,10,1527998436
503,28,1527998870
504,87,1528003296
505,34,1528028140
506,87,1528028605
507,53,1528040396
508,27,1528043846
509,52,1528049440
510,11,1528051297
511,47,1528060170
512,8,1528063483
513,70,1528065275
514,79,1528066689
515,86,1528071097
516,98,1528086621
517,89,1528095646
518,50,1528100482
519,98,1528107753
520,35,1528113357
521,27,1528114927
522,64,1528125197
523,48,1528133521
524,27,1528135144
525,63,1528148226
526,34,1528152953
527,48,1528156088
528,28,1528161580
529,23,1528167705
530,11,1528174953
531,73,1528179337
532,28,1528180728
533,30,1528187449
534,88,1528193511
535,27,1528195114
536,40,1528207593
537,23,1528221350
538,8,1528223236
539,54,1528223625
540,67,1528228610
541,73,1528240169
542,95,1528244072
543,11,1528253833
544,52,1528256269
545,34,1528258264
546,11,1528258626
547,67,1528259176
548,63,1528260089
549,99,1528262586
550,27,1528264018
551,61,1528264697
552,52,1528266826
553,47,1528276835
554,48,1528282352
555,33,1528296204
556,86,1528297235
557,48,1528302536
558,34,1528307097
559,34,1528310597
560,48,1528314061
561,10,1528316989
562,89,1528331681
563,28,1528334494
564,6,1528345019
565,52,1528360191
566,52,1528367582
567,52,1528370474
568,83,1528372870
569,8,1528376280
570,47,1528381773
571,41,1528389610
572,98,1528390277
573,64,1528393639
574,98,1528402536
575,48,1528405631
576,95,1528410581
577,52,1528418403
578,92,1528427689
579,34,1528435349
580,21,1528435566
581,21,1528438856
582,41,1528439164
583,15,1528443299
584,31,1528471486
585,10,1528491717
586,61,1528500984
587,48,1528517840
588,23,1528528206
589,44,1528543850
590,28,1528545197
591,86,1528548942
592,95,1528557165
593,44,1528558041
594,52,1528563813
595,41,1528570718
596,26,1528576702
597,11,1528591292
598,48,1528593274
599,28,1528595462
600,48,1528597168
601,48,1528604327
602,98,1528605246
603,48,1528610017
604,67,1528617458
605,36,1528620357
606,52,1528624184
607,79,1528630816
608,52,1528647143
609,50,1528649923
610,34,1528662494
611,50,1528667437
612,61,1528669180
613,31,1528675089
614,48,1528675437
615,61,1528676161
616,11,1528687362
617,50,1528689389
618,39,1528689729
619,28,1528692084
620,23,1528710211
621,48,1528710674
622,48,1528715577
623,35,1528718901
624,82,1528725263
625,86,1528737490
626,50,1528737641
627,48,1528737858
628,30,1528745042
629,61,1528745916
630,62,1528746050
631,63,1528752155
632,50,1528752232
633,86,1528759416
634,52,1528766716
635,79,1528768013
636,34,1528777062
637,4,1528795027
638,4,1528796748
639,52,1528799640
640,79,1528799814
641,65,1528801546
642,34,1528802429
643,8,1528812996
644,28,1528828925
645,64,1528840968
646,50,1528854574
647,30,1528855453
648,66,1528864816
649,22,1528866603
650,50,1528866621
651,50,1528868086
652,86,1528868456
653,48,1528877735
654,36,1528882800
655,62,1528884335
656,34,1528886018
657,28,1528897565
658,98,1528909838
659,61,1528925252
660,37,1528925494
661,50,1528929519
662,48,1528930190
663,48,1528936604
664,34,1528954831
665,79,1528962106
666,23,1528965513
667,55,1528966344
668,6,1528968475
669,11,1528974537
670,50,1528974865
671,98,1528976822
672,34,1528977183
673,28,1528980070
674,48,1528980843
675,61,1528987275
676,61,1528987957
677,10,1528988403
678,52,1529009544
679,8,1529019598
680,52,1529024491
681,52,1529029946
682,61,1529033994
683,48,1529038421
684,67,1529039233
685,88,1529039921
686,48,1529054290
687,50,1529058511
688,86,1529059989
689,61,1529062342
690,27,1529074986
691,23,1529085466
692,48,1529092357
693,48,1529094796
694,86,1529094966
695,95,1529097557
696,37,1529098481
697,68,1529103693
698,11,1529105275
699,52,1529106817
700,11,1529107174
701,27,1529121480
702,63,1529125614
703,34,1529130752
704,73,1529134065
705,23,1529134666
706,82,1529159725
707,41,1529167106
708,34,1529173657
709,50,1529174204
710,50,1529183721
711,38,1529193397
712,27,1529202792
713,11,1529204184
714,95,1529204966
715,52,1529205872
716,98,1529207884
717,65,1529222472
718,29,1529230223
719,36,1529230356
720,11,1529236048
721,27,1529242972
722,48,1529263193
723,67,1529270181
724,23,1529284144
725,44,1529284750
726,86,1529290078
727,48,1529291568
728,31,1529294071
729,20,1529294073
730,92,1529299054
731,61,1529305202
732,75,1529313765
733,38,1529316476
734,11,1529328658
735,98,1529328939
736,21,1529330203
737,67,1529331304
738,28,1529335306
739,100,1529342914
740,52,1529350066
741,63,1529350340
742,50,1529352184
743,52,1529361044
744,97,1529367623
745,48,1529374800
746,20,1529377229
747,97,1529377786
748,27,1529378875
749,64,1529378885
750,61,1529380193
751,92,1529383517
752,23,1529388580
753,8,1529401810
754,50,1529402751
755,48,1529411437
756,79,1529412738
757,36,1529413257
758,15,1529416328
759,87,1529420070
760,98,1529423537
761,89,1529425157
762,11,1529437180
763,36,1529438255
764,52,1529443100
765,41,1529448268
766,48,1529448336
767,17,1529451315
768,75,1529453086
769,87,1529457583
770,79,1529461811
771,23,1529465228
772,98,1529469035
773,18,1529470189
774,38,1529471595
775,48,1529477332
776,23,1529483723
777,89,1529483825
778,8,1529484196
779,98,1529488253
780,21,1529489351
781,19,1529491484
782,48,1529492641
783,31,1529495622
784,95,1529497838
785,48,1529509022
786,48,1529510550
787,50,1529512595
788,10,1529528573
789,50,1529531582
790,97,1529535924
791,50,1529552792
792,48,1529558306
793,35,1529561511
794,86,1529567171
795,15,1529572993
796,48,1529576105
797,65,1529589906
798,52,1529594222
799,48,1529601653
800,16,1529611626
801,52,1529615373
802,38,1529639955
803,61,1529642119
804,53,1529642563
805,27,1529651774
806,27,1529653597
807,86,1529668104
808,48,1529671321
809,32,1529694236
810,48,1529696000
811,86,1529705470
812,21,1529705509
813,20,1529709245
814,86,1529712820
815,47,1529718686
816,61,1529726463
817,11,1529726617
818,52,1529730453
819,44,1529734876
820,27,1529738760
821,50,1529739460
822,61,1529745220
823,34,1529751625
824,27,1529754884
825,11,1529758691
826,23,1529760014
827,58,1529766048
828,15,1529774740
829,48,1529775927
830,52,1529778081
831,15,1529779044
832,23,1529781738
833,67,1529783360
834,31,1529783395
835,81,1529787227
836,76,1529787328
837,86,1529788813
838,61,1529790379
839,95,1529791198
840,34,1529802768
841,86,1529808490
842,11,1529808494
843,31,1529817059
844,31,1529817716
845,28,1529817991
846,67,1529828480
847,66,1529830096
848,33,1529834606
849,86,1529835415
850,58,1529840103
851,67,1529857107
852,42,1529865165
853,50,1529869895
854,38,1529874610
855,88,1529887753
856,61,1529890514
857,35,1529891605
858,50,1529898429
859,11,1529924904
860,52,1529925088
861,34,1529928041
862,6,1529931976
863,52,1529932718
864,61,1529935036
865,72,1529936017
866,31,1529936522
867,79,1529941308
868,73,1529947942
869,50,1529956059
870,100,1529963563
871,12,1529969712
872,42,1529977020
873,66,1529982467
874,48,1529982912
875,69,1529986142
876,22,1529989789
877,98,1529994425
878,67,1529995299
879,48,1529995750
880,48,1529998877
881,20,1530011273
882,20,1530011549
883,23,1530026195
884,86,1530032711
885,38,1530034873
886,50,1530036100
887,98,1530050145
888,31,1530052113
889,50,1530055203
890,32,1530060211
891,48,1530062477
892,61,1530069004
893,50,1530093199
894,98,1530100354
895,34,1530102335
896,18,1530113928
897,67,1530115117
898,52,1530120752
899,11,1530137619
900,11,1530139441
901,50,1530146191
902,11,1530147631
903,11,1530151023
904,48,1530153812
905,48,1530156569
906,48,1530157446
907,52,1530160976
908,52,1530164276
909,31,1530170728
910,50,1530183747
911,23,1530184694
912,61,1530191415
913,23,1530194671
914,61,1530202562
915,11,1530213033
916,27,1530216527
917,11,1530220932
918,86,1530221453
919,50,1530221883
920,34,1530224900
921,48,1530227683
922,52,1530229248
923,50,1530232206
924,63,1530240114
925,23,1530240612
926,50,1530248732
927,27,1530250137
928,15,1530250269
929,45,1530252855
930,20,1530278008
931,50,1530280770
932,86,1530283944
933,48,1530286227
934,86,1530287882
935,48,1530289360
936,79,1530290591
937,48,1530290945
938,82,1530294831
939,82,1530299610
940,52,1530316025
941,87,1530319919
942,11,1530329719
943,61,1530332165
944,98,1530333136
945,60,1530356748
946,6,1530369204
947,6,1530369783
948,67,1530371784
949,50,1530382694
950,23,1530404298
951,48,1530407251
952,61,1530418972
953,15,1530429248
954,36,1530429733
955,86,1530433636
956,97,1530433996
957,82,1530436051
958,23,1530442800
959,50,1530444401
960,97,1530444975
961,97,1530455043
962,55,1530462634
963,61,1530470582
964,81,1530475083
965,22,1530480635
966,89,1530483514
967,58,1530485580
968,20,1530490079
969,44,1530491020
970,61,1530491337
971,48,1530493162
972,75,1530499315
973,6,1530502750
974,61,1530507756
975,61,1530532472
976,60,1530534243
977,50,1530536338
978,61,1530539514
979,52,1530552732
980,70,1530555298
981,15,1530561275
982,100,1530561977
983,61,1530564201
984,67,1530575126
985,44,1530576647
986,58,1530578713
987,48,1530582884
988,27,1530585017
989,15,1530587845
990,12,1530595941
991,42,1530604034
992,8,1530606247
993,36,1530607927
994,100,1530610652
995,52,1530616003
996,27,1530645817
997,21,1530649527
998,70,1530656658
999,10,1530660197
1000,11,1530670962
1001,98,1530674151
1002,27,1530675033
1003,34,1530684466
1004,23,1530686309
1005,64,1530694985
1006,75,1530699178
1007,19,1530717115
1008,52,1530717750
1009,42,1530721372
1010,52,1530728841
1011,48,1530736671
1012,52,1530739731
1013,27,1530741352
1014,27,1530742354
1015,52,1530750061
1016,48,1530752772
1017,50,1530752912
1018,58,1530756364
1019,15,1530757655
1020,48,1530769869
1021,27,1530770150
1022,23,1530779745
1023,52,1530786900
1024,68,1530788827
1025,34,1530801765
1026,31,1530806171
1027,100,1530810301
1028,20,1530831701
1029,44,1530834642
1030,52,1530836801
1031,82,1530837159
1032,98,1530838762
1033,23,1530854224
1034,98,1530863912
1035,75,1530868010
1036,11,1530875632
1037,19,1530878617
1038,39,1530887087
1039,24,1530903250
1040,48,1530904960
1041,68,1530905810
1042,82,1530906559
1043,37,1530915045
1044,98,1530917283
1045,11,1530917769
1046,71,1530919890
1047,39,1530937805
1048,48,1530941984
1049,61,1530942948
1050,88,1530955922
1051,86,1530961210
1052,48,1530968687
1053,66,1530969690
1054,72,1530973573
1055,48,1530992732
1056,23,1530992843
1057,11,1531001921
1058,55,1531002764
1059,31,1531011960
1060,28,1531026657
1061,36,1531029273
1062,35,1531044119
1063,21,1531045967
1064,61,1531047163
1065,68,1531048053
1066,34,1531050645
1067,8,1531052600
1068,48,1531052917
1069,62,1531057851
1070,23,1531063621
1071,98,1531065091
1072,31,1531074934
1073,23,1531083880
1074,34,1531086263
1075,34,1531089234
1076,61,1531095938
1077,71,1531100909
1078,44,1531102057
1079,15,1531105288
1080,23,1531121670
1081,61,1531122481
1082,31,1531122899
1083,82,1531124900
1084,48,1531127137
1085,52,1531127952
1086,30,1531134389
1087,53,1531136345
1088,44,1531141892
1089,44,1531143695
1090,87,1531144378
1091,66,1531144421
1092,48,1531145128
1093,15,1531158227
1094,86,1531160039
1095,27,1531167410
1096,23,1531168313
1097,42,1531169406
1098,48,1531171909
1099,63,1531172860
1100,98,1531172992
1101,27,1531178468
1102,15,1531187788
1103,75,1531198661
1104,25,1531213245
1105,14,1531221728
1106,23,1531221906
1107,23,1531225980
1108,31,1531234094
1109,100,1531235246
1110,48,1531239105
1111,82,1531244302
1112,10,1531247458
1113,98,1531250903
1114,75,1531254322
1115,31,1531255177
1116,79,1531264259
1117,98,1531265643
1118,44,1531269041
1119,23,1531277203
1120,50,1531278304
1121,52,1531281516
1122,97,1531285902
1123,52,1531295722
1124,81,1531296601
1125,65,1531309137
1126,44,1531314889
1127,47,1531315928
1128,19,1531319563
1129,100,1531322206
1130,23,1531326175
1131,50,1531332881
1132,48,1531345693
1133,23,1531349057
1134,74,1531350852
1135,44,1531355058
1136,48,1531356739
1137,86,1531365250
1138,11,1531366328
1139,23,1531368785
1140,5,1531369522
1141,95,1531370666
1142,48,1531373050
1143,27,1531375316
1144,58,1531375560
1145,58,1531378351
1146,15,1531379240
1147,92,1531385067
1148,50,1531385760
1149,19,1531387155
1150,15,1531389708
1151,42,1531403185
1152,48,1531404043
1153,82,1531411980
1154,63,1531413942
1155,63,1531422749
1156,100,1531423859
1157,23,1531425866
1158,32,1531426444
1159,64,1531429089
1160,23,1531436511
1161,50,1531443543
1162,64,1531460604
1163,58,1531466680
1164,57,1531467960
1165,23,1531483768
1166,52,1531484718
1167,39,1531490787
1168,64,1531493685
1169,61,1531502085
1170,98,1531504197
1171,98,1531504964
1172,89,1531513819
1173,11,1531533368
1174,21,1531534143
1175,48,1531536879
1176,66,1531538817
1177,4,1531545425
1178,61,1531559107
1179,11,1531564998
1180,67,1531565482
1181,15,1531568482
1182,62,1531579359
1183,33,1531582483
1184,26,1531590763
1185,50,1531595610
1186,48,1531598683
1187,33,1531600945
1188,6,1531603518
1189,23,1531614806
1190,84,1531615024
1191,52,1531617032
1192,35,1531623096
1193,23,1531637413
1194,44,1531649273
1195,20,1531650157
1196,23,1531653577
1197,52,1531659317
1198,61,1531660712
1199,23,1531661336
1200,61,1531661683
1201,33,1531667131
1202,48,1531678103
1203,32,1531683083
1204,50,1531683284
1205,82,1531685620
1206,98,1531689288
1207,15,1531694389
1208,23,1531696558
1209,23,1531711674
1210,23,1531712031
1211,31,1531721350
1212,23,1531732903
1213,52,1531741994
1214,31,1531750878
1215,36,1531754095
1216,34,1531754295
1217,55,1531761253
1218,23,1531764232
1219,23,1531767820
1220,23,1531771493
1221,23,1531772590
1222,20,1531786697
1223,67,1531795779
1224,23,1531805452
1225,69,1531806881
1226,68,1531808225
1227,38,1531818486
1228,61,1531818768
1229,97,1531822917
1230,100,1531836715
1231,48,1531838718
1232,32,1531839540
1233,23,1531857679
1234,97,1531860861
1235,88,1531873873
1236,98,1531876701
1237,31,1531882135
1238,23,1531886566
1239,36,1531893818
1240,61,1531894229
1241,100,1531899516
1242,31,1531899767
1243,15,1531904551
1244,48,1531908975
1245,8,1531909777
1246,15,1531910687
1247,100,1531912437
1248,79,1531913009
1249,99,1531914348
1250,20,1531926039
1251,99,1531928678
1252,8,1531934199
1253,52,1531941058
1254,58,1531949645
1255,61,1531953450
1256,48,1531960456
1257,27,1531965384
1258,34,1531975906
1259,23,1531980586
1260,61,1531981497
1261,20,1531992478
1262,1,1531993063
1263,98,1531995120
1264,42,1532010998
1265,98,1532014096
1266,72,1532023355
1267,23,1532024815
1268,15,1532028368
1269,44,1532028582
1270,82,1532030912
1271,23,1532031084
1272,23,1532032462
1273,11,1532034072
1274,8,1532044060
1275,58,1532045950
1276,48,1532046980
1277,48,1532053311
1278,100,1532053899
1279,61,1532059808
1280,88,1532070835
1281,21,1532090552
1282,39,1532097015
1283,67,1532098392
1284,5,1532099803
1285,15,1532101054
1286,100,1532109536
1287,82,1532114292
1288,8,1532114332
1289,23,1532114610
1290,82,1532116472
1291,66,1532120083
1292,44,1532122342
1293,50,1532126698
1294,31,1532128323
1295,66,1532129400
1296,23,1532132649
1297,20,1532142601
1298,81,1532144200
1299,82,1532144752
1300,61,1532146483
1301,97,1532153006
1302,68,1532187977
1303,86,1532221990
1304,52,1532223637
1305,54,1532224199
1306,47,1532225265
1307,61,1532225686
1308,23,1532232303
1309,64,1532236429
1310,11,1532244376
1311,47,1532246961
1312,34,1532248009
1313,58,1532254132
1314,98,1532258632
1315,53,1532259706
1316,15,1532265506
1317,20,1532270986
1318,37,1532286532
1319,44,1532293281
1320,97,1532297094
1321,77,1532303398
1322,50,1532311177
1323,48,1532313170
1324,68,1532320327
1325,75,1532324851
1326,27,1532330483
1327,23,1532331783
1328,42,1532338876
1329,56,1532339918
1330,23,1532342084
1331,31,1532346252
1332,23,1532352263
1333,100,1532365800
1334,39,1532370892
1335,86,1532377818
1336,31,1532385543
1337,60,1532396634
1338,100,1532407171
1339,66,1532411491
1340,48,1532421515
1341,100,1532425617
1342,48,1532430375
1343,89,1532435963
1344,48,1532444299
1345,23,1532446608
1346,100,1532449760
1347,82,1532455711
1348,23,1532455957
1349,50,1532464018
1350,61,1532470358
1351,5,1532471090
1352,98,1532477305
1353,97,1532477875
1354,23,1532485279
1355,41,1532493202
1356,72,1532497267
1357,8,1532499476
1358,23,1532499630
1359,23,1532504605
1360,20,1532514956
1361,37,1532519717
1362,34,1532532053
1363,82,1532534813
1364,27,1532545367
1365,73,1532562542
1366,89,1532575718
1367,68,1532576737
1368,33,1532579794
1369,100,1532615034
1370,50,1532617614
1371,68,1532624067
1372,58,1532629836
1373,15,1532637764
1374,58,1532646036
1375,50,1532650053
1376,75,1532652042
1377,75,1532660393
1378,50,1532664454
1379,39,1532664465
1380,61,1532678434
1381,23,1532682230
1382,15,1532693173
1383,23,1532709547
1384,15,1532710420
1385,100,1532715549
1386,35,1532719000
1387,66,1532720845
1388,44,1532725401
1389,19,1532727609
1390,85,1532729476
1391,34,1532738436
1392,23,1532740372
1393,75,1532742242
1394,82,1532744174
1395,39,1532761892
1396,75,1532766762
1397,23,1532768536
1398,58,1532774523
1399,68,1532784671
1400,66,1532785901
1401,82,1532790752
1402,100,1532792457
1403,81,1532793434
1404,15,1532800231
1405,48,1532804843
1406,23,1532805422
1407,47,1532810055
1408,66,1532817318
1409,98,1532818198
1410,82,1532819096
1411,100,1532821551
1412,23,1532823031
1413,74,1532823281
1414,23,1532830576
1415,15,1532834873
1416,23,1532847935
1417,23,1532849338
1418,48,1532850513
1419,7,1532851903
1420,44,1532852463
1421,48,1532860905
1422,47,1532861586
1423,51,1532864402
1424,97,1532864872
1425,42,1532871612
1426,37,1532872341
1427,27,1532877132
1428,47,1532877671
1429,48,1532880127
1430,100,1532885045
1431,74,1532896013
1432,8,1532901100
1433,89,1532904559
1434,41,1532911657
1435,4,1532912217
1436,48,1532923502
1437,52,1532925680
1438,31,1532929556
1439,53,1532930289
1440,47,1532932405
1441,97,1532932473
1442,3,1532936863
1443,66,1532940030
1444,48,1532941659
1445,98,1532941842
1446,80,1532944420
1447,23,1532947645
1448,58,1532956181
1449,4,1532959278
1450,48,1532960332
1451,47,1532974807
1452,52,1532976859
1453,98,1532986434
1454,20,1532987605
1455,20,1532990306
1456,82,1532999875
1457,48,1533005413
1458,23,1533010834
1459,68,1533031620
1460,27,1533032848
1461,37,1533039663
1462,23,1533040054
1463,42,1533042925
1464,44,1533045191
1465,82,1533051191
1466,15,1533055733
1467,11,1533057548
1468,100,1533059837
1469,33,1533061687
1470,34,1533063413
1471,89,1533067502
1472,48,1533072504
1473,100,1533075829
1474,3,1533075940
1475,50,1533084370
1476,82,1533086454
1477,97,1533086846
1478,48,1533089154
1479,68,1533091308
1480,92,1533093604
1481,24,1533094557
1482,32,1533111773
1483,27,1533114471
1484,100,1533116929
1485,15,1533130417
1486,61,1533130976
1487,48,1533132001
1488,60,1533140545
1489,23,1533147903
1490,39,1533166678
1491,48,1533173525
1492,23,1533175254
1493,31,1533201034
1494,98,1533203966
1495,54,1533208595
1496,99,1533208753
1497,82,1533214101
1498,75,1533215752
1499,82,1533217914
1500,11,1533240015
1501,61,1533241590
1502,48,1533242251
1503,17,1533253545
1504,31,1533259158
1505,36,1533259667
1506,16,1533272063
1507,82,1533282054
1508,66,1533309255
1509,44,1533318643
1510,55,1533323878
1511,87,1533324154
1512,23,1533325746
1513,61,1533329722
1514,61,1533332833
1515,23,1533335200
1516,23,1533339631
1517,22,1533341204
1518,52,1533342022
1519,82,1533345338
1520,42,1533349856
1521,42,1533352144
1522,45,1533354826
1523,68,1533359445
1524,97,1533360052
1525,23,1533360743
1526,48,1533362827
1527,34,1533387453
1528,82,1533388886
1529,48,1533390567
1530,11,1533397246
1531,98,1533401736
1532,37,1533409468
1533,75,1533417164
1534,48,1533419648
1535,4,1533421307
1536,37,1533424935
1537,82,1533430894
1538,15,1533436533
1539,47,1533440670
1540,70,1533445833
1541,96,1533449325
1542,48,1533454482
1543,37,1533458394
1544,23,1533459956
1545,68,1533467671
1546,75,1533469079
1547,14,1533469998
1548,37,1533470658
1549,15,1533477630
1550,11,1533481201
1551,100,1533482384
1552,89,1533482839
1553,27,1533493321
1554,15,1533493502
1555,82,1533516701
1556,8,1533517884
1557,82,1533519297
1558,82,1533541879
1559,100,1533546847
1560,48,1533548412
1561,68,1533559791
1562,79,1533566065
1563,23,1533566545
1564,50,1533568179
1565,79,1533574227
1566,47,1533579452
1567,37,1533582837
1568,47,1533586422
1569,48,1533587189
1570,47,1533590388
1571,80,1533591256
1572,82,1533591681
1573,24,1533598724
1574,79,1533601050
1575,23,1533601726
1576,15,1533605845
1577,82,1533612906
1578,32,1533631613
1579,88,1533632015
1580,64,1533639591
1581,42,1533651105
1582,23,1533652823
1583,23,1533662194
1584,89,1533664055
1585,6,1533666183
1586,61,1533667957
1587,82,1533681894
1588,100,1533685465
1589,52,1533685817
1590,74,1533695475
1591,24,1533695543
1592,55,1533707625
1593,98,1533716314
1594,30,1533724381
1595,23,1533725442
1596,23,1533731409
1597,64,1533748259
1598,20,1533748510
1599,63,1533755516
1600,34,1533757176
1601,20,1533762043
1602,27,1533762178
1603,8,1533762472
1604,100,1533763447
1605,66,1533775932
1606,100,1533778227
1607,55,1533785219
1608,74,1533794644
1609,100,1533795431
1610,66,1533796443
1611,68,1533798255
1612,68,1533799359
1613,96,1533802186
1614,23,1533805217
1615,61,1533813042
1616,74,1533816389
1617,71,1533833164
1618,71,1533839141
1619,81,1533855425
1620,73,1533861933
1621,15,1533869462
1622,37,1533871583
1623,23,1533872624
1624,23,1533878503
1625,67,1533879502
1626,48,1533883525
1627,68,1533889282
1628,94,1533891714
1629,70,1533898347
1630,81,1533898667
1631,47,1533915929
1632,12,1533923449
1633,61,1533925254
1634,19,1533927536
1635,37,1533954607
1636,83,1533956623
1637,67,1533964055
1638,64,1533965445
1639,48,1533965453
1640,23,1533966630
1641,96,1533967711
1642,86,1533969636
1643,15,1533970737
1644,6,1533976588
1645,58,1533978831
1646,27,1533986800
1647,68,1533989942
1648,48,1533990741
1649,15,1534001839
1650,37,1534005176
1651,98,1534009258
1652,15,1534009943
1653,100,1534012641
1654,48,1534014171
1655,68,1534016123
1656,98,1534019084
1657,68,1534019477
1658,89,1534024212
1659,71,1534025402
1660,23,1534041713
1661,15,1534043440
1662,16,1534067823
1663,43,1534068132
1664,87,1534075473
1665,39,1534082071
1666,68,1534093911
1667,48,1534099901
1668,38,1534100190
1669,48,1534103234
1670,86,1534105205
1671,4,1534117132
1672,66,1534124588
1673,10,1534125478
1674,66,1534139207
1675,67,1534149678
1676,39,1534152714
1677,49,1534154219
1678,38,1534156060
1679,23,1534163733
1680,37,1534174875
1681,82,1534174919
1682,61,1534175622
1683,15,1534186243
1684,27,1534186964
1685,86,1534190441
1686,23,1534195106
1687,89,1534222392
1688,86,1534223768
1689,37,1534228002
1690,37,1534230022
1691,37,1534230819
1692,73,1534236804
1693,89,1534237781
1694,23,1534243478
1695,34,1534244423
1696,33,1534252691
1697,15,1534254550
1698,48,1534255193
1699,23,1534258878
1700,88,1534262634
1701,33,1534265065
1702,98,1534265263
1703,23,1534271546
1704,50,1534273435
1705,48,1534285590
1706,52,1534288013
1707,24,1534289393
1708,82,1534300580
1709,62,1534304908
1710,66,1534315539
1711,31,1534328605
1712,23,1534332955
1713,16,1534349839
1714,37,1534352012
1715,54,1534355433
1716,100,1534358808
1717,75,1534369540
1718,47,1534375061
1719,63,1534383996
1720,66,1534384331
1721,82,1534386468
1722,42,1534389030
1723,8,1534390210
1724,44,1534402978
1725,20,1534404921
1726,48,1534407974
1727,76,1534408986
1728,74,1534413184
1729,8,1534413790
1730,48,1534414014
1731,74,1534417275
1732,20,1534423254
1733,89,1534429077
1734,24,1534431622
1735,48,1534450259
1736,12,1534456765
1737,87,1534457624
1738,16,1534459591
1739,19,1534471712
1740,63,1534472019
1741,16,1534484016
1742,67,1534485419
1743,94,1534490624
1744,5,1534497196
1745,47,1534500684
1746,68,1534502355
1747,23,1534505185
1748,66,1534512993
1749,99,1534513265
1750,8,1534519310
1751,61,1534525058
1752,4,1534526410
1753,85,1534526716
1754,74,1534532340
1755,64,1534538354
1756,68,1534545242
1757,11,1534547159
1758,23,1534549092
1759,23,1534549769
1760,48,1534553109
1761,88,1534554358
1762,4,1534561539
1763,52,1534565295
1764,48,1534570730
1765,52,1534578001
1766,19,1534579696
1767,72,1534606426
1768,39,1534617661
1769,49,1534626088
1770,23,1534627465
1771,82,1534631024
1772,99,1534633794
1773,68,1534642979
1774,82,1534655963
1775,68,1534660908
1776,23,1534662059
1777,79,1534667496
1778,68,1534679641
1779,68,1534681155
1780,85,1534687174
1781,44,1534689897
1782,79,1534691197
1783,48,1534705358
1784,63,1534712146
1785,64,1534719543
1786,23,1534722958
1787,8,1534728597
1788,23,1534729425
1789,63,1534729819
1790,23,1534732415
1791,57,1534733772
1792,11,1534736270
1793,34,1534742921
1794,66,1534745204
1795,82,1534747863
1796,15,1534749118
1797,74,1534780365
1798,11,1534783640
1799,21,1534788116
1800,8,1534790255
1801,48,1534791384
1802,67,1534793137
1803,81,1534796752
1804,37,1534805362
1805,71,1534807348
1806,23,1534812822
1807,68,1534819660
1808,37,1534820389
1809,15,1534822715
1810,66,1534826725
1811,98,1534832190
1812,98,1534832393
1813,33,1534833311
1814,50,1534834043
1815,68,1534834337
1816,97,1534834540
1817,20,1534835594
1818,59,1534836540
1819,8,1534842651
1820,27,1534843976
1821,39,1534847833
1822,39,1534849030
1823,69,1534862995
1824,68,1534865217
1825,20,1534865447
1826,89,1534872054
1827,37,1534874325
1828,47,1534874447
1829,62,1534878286
1830,52,1534878946
1831,18,1534880674
1832,20,1534882877
1833,47,1534886076
1834,32,1534891407
1835,11,1534891577
1836,48,1534892822
1837,97,1534896901
1838,68,1534903054
1839,23,1534908182
1840,63,1534910099
1841,33,1534918529
1842,89,1534919978
1843,82,1534932026
1844,86,1534954008
1845,63,1534956786
1846,82,1534963654
1847,31,1534965018
1848,66,1534975442
1849,33,1535005100
1850,70,1535005360
1851,75,1535006785
1852,82,1535007579
1853,62,1535008730
1854,5,1535010025
1855,68,1535010139
1856,68,1535015847
1857,7,1535031439
1858,48,1535038357
1859,33,1535043145
1860,23,1535047733
1861,65,1535058217
1862,40,1535060371
1863,19,1535068181
1864,87,1535078866
1865,86,1535102579
1866,99,1535105956
1867,34,1535111708
1868,79,1535116005
1869,47,1535117319
1870,53,1535121533
1871,46,1535123732
1872,87,1535125060
1873,53,1535137638
1874,79,1535146706
1875,23,1535160417
1876,89,1535169223
1877,68,1535172491
1878,48,1535172865
1879,74,1535173879
1880,5,1535185795
1881,67,1535190101
1882,94,1535191070
1883,97,1535193369
1884,48,1535202624
1885,74,1535215866
1886,48,1535226025
1887,1,1535232489
1888,5,1535233458
1889,89,1535236169
1890,2,1535243938
1891,20,1535245722
1892,6,1535246679
1893,89,1535247822
1894,19,1535252245
1895,31,1535257751
1896,89,1535260437
1897,75,1535262254
1898,50,1535262983
1899,58,1535267936
1900,27,1535272909
1901,94,1535273970
1902,48,1535281431
1903,48,1535295262
1904,66,1535308801
1905,66,1535318277
1906,35,1535324958
1907,20,1535334816
1908,23,1535361007
1909,79,1535363605
1910,15,1535365238
1911,27,1535367065
1912,47,1535372495
1913,64,1535379383
1914,50,1535400055
1915,88,1535405240
1916,68,1535411532
1917,97,1535411859
1918,48,1535412104
1919,19,1535412623
1920,8,1535420057
1921,66,1535445075
1922,37,1535449336
1923,39,1535451420
1924,20,1535452891
1925,11,1535460488
1926,61,1535462299
1927,10,1535472918
1928,66,1535482051
1929,97,1535484840
1930,86,1535485510
1931,42,1535490218
1932,74,1535505435
1933,74,1535510813
1934,55,1535514475
1935,95,1535518417
1936,99,1535518936
1937,48,1535525845
1938,64,1535531733
1939,37,1535536801
1940,80,1535541027
1941,79,1535556700
1942,54,1535581851
1943,21,1535588674
1944,68,1535592831
1945,48,1535593928
1946,44,1535595905
1947,44,1535613380
1948,81,1535615598
1949,8,1535616785
1950,23,1535618512
1951,48,1535621925
1952,11,1535623298
1953,7,1535624216
1954,82,1535631990
1955,18,1535635809
1956,52,1535640740
1957,7,1535661406
1958,23,1535675257
1959,75,1535676768
1960,5,1535679977
1961,15,1535684675
1962,66,1535685849
1963,19,1535689295
1964,15,1535689972
1965,62,1535698836
1966,62,1535702267
1967,33,1535703534
1968,19,1535711298
1969,27,1535714859
1970,33,1535717290
1971,66,1535728114
1972,15,1535733559
1973,66,1535746460
1974,18,1535752682
1975,17,1535760412
1976,23,1535774108
1977,19,1535780378
1978,66,1535792433
1979,39,1535795140
1980,66,1535804561
1981,8,1535805024
1982,39,1535807836
1983,33,1535812196
1984,74,1535818490
1985,89,1535821928
1986,89,1535833231
1987,75,1535836696
1988,5,1535840363
1989,37,1535841875
1990,97,1535842837
1991,66,1535845285
1992,97,1535845826
1993,23,1535846999
1994,68,1535847755
1995,23,1535850088
1996,52,1535852050
1997,31,1535857173
1998,75,1535871892
1999,25,1535879183
2000,55,1535880162
2001,36,1535892986
2002,66,1535896512
2003,66,1535904768
2004,42,1535905516
2005,31,1535906527
2006,50,1535918938
2007,34,1535923605
2008,2,1535924299
2009,37,1535924907
2010,20,1535925222
2011,97,1535931879
2012,72,1535948123
2013,97,1535978037
2014,20,1535978140
2015,48,1535982714
2016,47,1535989549
2017,86,1535994525
2018,37,1536000391
2019,31,1536004125
2020,39,1536006465
2021,11,1536012942
2022,5,1536046738
2023,33,1536046957
2024,23,1536052189
2025,92,1536054644
2026,58,1536055305
2027,87,1536061472
2028,74,1536072828
2029,97,1536078249
2030,41,1536110691
2031,82,1536112175
2032,74,1536117283
2033,75,1536123818
2034,92,1536124448
2035,48,1536124826
2036,12,1536127149
2037,21,1536139216
2038,67,1536147623
2039,39,1536153268
2040,39,1536155175
2041,20,1536157457
2042,41,1536159562
2043,19,1536163975
2044,75,1536169168
2045,19,1536179518
2046,33,1536184408
2047,63,1536184755
2048,55,1536187731
2049,10,1536189294
2050,23,1536189963
2051,16,1536200291
2052,34,1536207958
2053,68,1536215974
2054,86,1536216070
2055,75,1536221930
2056,37,1536230298
2057,97,1536251844
2058,68,1536267977
2059,15,1536276909
2060,74,1536277200
2061,97,1536281543
2062,64,1536284427
2063,19,1536290846
2064,65,1536295564
2065,66,1536298922
2066,20,1536299333
2067,19,1536302758
2068,8,1536303044
2069,50,1536313662
2070,81,1536326489
2071,32,1536339619
2072,33,1536342932
2073,37,1536370728
2074,74,1536378924
2075,23,1536379754
2076,48,1536383784
2077,7,1536394518
2078,79,1536394781
2079,66,1536395251
2080,97,1536397541
2081,65,1536398416
2082,5,1536401968
2083,92,1536404845
2084,39,1536411261
2085,11,1536415369
2086,89,1536427107
2087,48,1536434276
2088,67,1536434391
2089,6,1536436440
2090,37,1536454198
2091,61,1536454944
2092,20,1536456702
2093,87,1536458542
2094,27,1536460818
2095,70,1536462499
2096,7,1536462712
2097,69,1536466844
2098,27,1536489386
2099,33,1536495123
2100,36,1536496084
2101,72,1536503680
2102,33,1536506641
2103,20,1536527972
2104,35,1536535909
2105,66,1536540920
2106,66,1536547989
2107,48,1536566221
2108,75,1536567869
2109,89,1536582575
2110,26,1536583142
2111,81,1536587435
2112,23,1536587621
2113,52,1536588391
2114,7,1536589789
2115,23,1536604194
2116,11,1536606315
2117,83,1536611778
2118,53,1536625114
2119,52,1536631172
2120,100,1536638408
2121,23,1536641829
2122,79,1536643653
2123,60,1536647578
2124,15,1536648137
2125,19,1536650828
2126,23,1536655449
2127,34,1536656998
2128,63,1536658465
2129,89,1536662698
2130,53,1536665923
2131,7,1536670791
2132,100,1536673005
2133,7,1536677574
2134,87,1536684034
2135,75,1536684252
2136,33,1536685462
2137,36,1536688808
2138,61,1536696592
2139,55,1536704798
2140,16,1536707312
2141,97,1536709390
2142,38,1536714640
2143,89,1536716057
2144,95,1536720120
2145,89,1536735940
2146,97,1536738393
2147,21,1536754629
2148,39,1536763224
2149,55,1536764903
2150,19,1536765333
2151,62,1536768340
2152,32,1536777326
2153,19,1536785720
2154,75,1536786583
2155,48,1536800806
2156,89,1536815346
2157,50,1536819652
2158,47,1536821276
2159,64,1536825635
2160,97,1536825899
2161,63,1536827941
2162,15,1536828674
2163,55,1536840828
2164,79,1536843177
2165,33,1536872286
2166,74,1536875285
2167,48,1536882733
2168,89,1536882795
2169,75,1536884290
2170,86,1536901265
2171,67,1536907119
2172,21,1536911364
2173,75,1536912967
2174,16,1536937790
2175,19,1536952832
2176,63,1536956497
2177,75,1536963168
2178,19,1536969861
2179,7,1536972088
2180,15,1536986754
2181,37,1536988771
2182,31,1536989524
2183,11,1536990273
2184,8,1536995240
2185,39,1537027973
2186,56,1537028170
2187,15,1537030471
2188,92,1537059907
2189,20,1537071409
2190,39,1537079966
2191,33,1537081822
2192,67,1537087254
2193,89,1537088681
2194,48,1537089645
2195,61,1537090489
2196,39,1537098052
2197,38,1537120225
2198,19,1537121073
2199,64,1537122594
2200,66,1537130458
2201,33,1537150521
2202,67,1537152456
2203,15,1537152480
2204,8,1537166938
2205,50,1537171566
2206,39,1537173733
2207,58,1537180724
2208,48,1537203221
2209,69,1537220913
2210,55,1537229095
2211,23,1537231523
2212,89,1537234435
2213,19,1537237542
2214,55,1537250077
2215,50,1537256334
2216,66,1537285041
2217,39,1537286188
2218,75,1537287328
2219,50,1537288123
2220,75,1537289870
2221,33,1537300640
2222,47,1537305122
2223,63,1537307500
2224,15,1537309456
2225,33,1537318087
2226,12,1537323644
2227,97,1537324982
2228,83,1537345384
2229,34,1537347540
2230,87,1537360317
2231,19,1537366390
2232,75,1537367655
2233,20,1537370904
2234,36,1537372091
2235,68,1537373748
2236,69,1537383736
2237,97,1537386787
2238,5,1537387826
2239,97,1537391033
2240,14,1537392370
2241,23,1537393428
2242,48,1537400511
2243,88,1537405844
2244,23,1537408948
2245,10,1537416204
2246,23,1537418541
2247,33,1537424042
2248,100,1537429754
2249,82,1537432676
2250,19,1537436112
2251,65,1537466543
2252,48,1537467389
2253,75,1537468691
2254,21,1537471089
2255,89,1537473165
2256,20,1537477452
2257,64,1537481022
2258,75,1537481526
2259,57,1537481571
2260,33,1537482987
2261,20,1537498966
2262,33,1537499766
2263,92,1537500837
2264,21,1537512978
2265,31,1537516011
2266,8,1537519766
2267,55,1537520097
2268,55,1537520776
2269,32,1537523347
2270,66,1537527297
2271,50,1537530879
2272,55,1537532492
2273,53,1537536348
2274,79,1537537696
2275,11,1537550608
2276,75,1537552436
2277,61,1537554838
2278,75,1537561072
2279,92,1537565225
2280,55,1537567313
2281,55,1537576265
2282,31,1537578659
2283,2,1537582227
2284,97,1537583688
2285,74,1537590452
2286,66,1537602201
2287,36,1537613529
2288,75,1537631994
2289,19,1537634113
2290,7,1537648832
2291,19,1537649823
2292,7,1537652585
2293,63,1537676238
2294,66,1537681354
2295,8,1537682570
2296,75,1537692604
2297,60,1537694364
2298,7,1537695508
2299,86,1537704851
2300,89,1537705079
2301,75,1537708076
2302,24,1537736575
2303,31,1537740049
2304,89,1537748374
2305,33,1537755258
2306,48,1537762415
2307,69,1537770991
2308,75,1537772444
2309,82,1537773990
2310,75,1537775241
2311,75,1537797620
2312,33,1537803124
2313,7,1537803926
2314,7,1537807834
2315,75,1537834088
2316,34,1537847777
2317,63,1537849073
2318,15,1537851538
2319,16,1537858122
2320,55,1537869228
2321,39,1537875429
2322,35,1537888663
2323,48,1537894353
2324,30,1537908606
2325,44,1537912992
2326,100,1537919353
2327,19,1537920088
2328,97,1537925939
2329,8,1537932543
2330,79,1537935120
2331,97,1537935883
2332,39,1537951867
2333,61,1537961468
2334,8,1537968359
2335,28,1537969725
2336,98,1537972273
2337,20,1537976136
2338,23,1537981096
2339,37,1537988355
2340,73,1538000097
2341,83,1538005787
2342,8,1538008841
2343,33,1538024829
2344,55,1538026287
2345,66,1538031870
2346,82,1538035617
2347,89,1538043984
2348,37,1538045757
2349,20,1538047619
2350,33,1538057475
2351,73,1538058693
2352,67,1538062646
2353,97,1538072344
2354,75,1538096907
2355,84,1538105318
2356,75,1538106174
2357,97,1538108302
2358,14,1538120913
2359,19,1538125424
2360,47,1538127762
2361,73,1538129841
2362,5,1538136907
2363,10,1538136926
2364,89,1538141274
2365,75,1538155079
2366,50,1538163756
2367,44,1538164960
2368,67,1538165239
2369,66,1538173829
2370,39,1538174896
2371,19,1538176338
2372,40,1538185281
2373,53,1538186263
2374,28,1538188695
2375,89,1538195025
2376,19,1538205095
2377,99,1538221412
2378,31,1538225634
2379,100,1538235351
2380,95,1538238193
2381,75,1538256349
2382,83,1538281267
2383,38,1538299131
2384,8,1538302663
2385,38,1538303146
2386,19,1538310390
2387,61,1538321492
2388,67,1538323515
2389,11,1538327452
2390,5,1538342215
2391,97,1538343799
2392,55,1538350589
2393,6,1538351237
2394,97,1538352325
2395,38,1538359314
2396,53,1538365576
2397,64,1538371581
2398,41,1538373117
2399,97,1538374101
2400,47,1538391379
2401,19,1538404155
2402,31,1538416399
2403,75,1538442260
2404,20,1538451587
2405,100,1538458521
2406,19,1538460115
2407,74,1538468302
2408,93,1538473586
2409,33,1538474880
2410,33,1538475231
2411,66,1538486978
2412,10,1538489963
2413,57,1538494933
2414,55,1538509192
2415,75,1538512333
2416,69,1538539436
2417,20,1538557754
2418,61,1538568579
2419,68,1538574224
2420,33,1538581282
2421,19,1538600160
2422,40,1538610043
2423,34,1538618845
2424,33,1538627216
2425,75,1538627295
2426,69,1538628337
2427,19,1538628908
2428,75,1538630130
2429,47,1538634273
2430,75,1538635532
2431,8,1538643402
2432,61,1538661011
2433,61,1538669294
2434,68,1538675884
2435,66,1538691077
2436,100,1538693756
2437,47,1538693907
2438,83,1538694772
2439,20,1538701928
2440,19,1538703150
2441,52,1538704206
2442,61,1538713746
2443,12,1538717933
2444,39,1538725353
2445,15,1538726336
2446,86,1538730356
2447,27,1538736580
2448,7,1538742782
2449,75,1538743832
2450,97,1538744816
2451,55,1538749831
2452,87,1538754614
2453,33,1538760708
2454,21,1538762732
2455,44,1538768601
2456,92,1538771615
2457,97,1538772339
2458,67,1538778664
2459,19,1538793160
2460,92,1538794119
2461,97,1538799154
2462,60,1538803272
2463,33,1538809643
2464,19,1538824282
2465,39,1538838143
2466,87,1538839843
2467,38,1538841068
2468,19,1538846037
2469,31,1538855630
2470,86,1538863262
2471,88,1538863964
2472,11,1538872602
2473,71,1538875124
2474,19,1538875151
2475,23,1538877266
2476,48,1538882438
2477,48,1538899593
2478,52,1538903104
2479,67,1538910216
2480,16,1538913313
2481,55,1538913551
2482,97,1538915775
2483,75,1538923025
2484,55,1538937132
2485,75,1538939182
2486,96,1538942502
2487,37,1538950564
2488,50,1538958701
2489,92,1538970285
2490,34,1538971514
2491,53,1538973289
2492,33,1538980663
2493,33,1538984378
2494,51,1538984543
2495,48,1538986147
2496,97,1538993866
2497,19,1538994184
2498,15,1538997950
2499,41,1539002346
2500,19,1539004166
2501,7,1539008838
2502,100,1539010015
2503,19,1539012221
2504,67,1539016128
2505,48,1539021208
2506,19,1539023540
2507,34,1539038736
2508,87,1539041428
2509,33,1539046736
2510,20,1539049439
2511,97,1539053173
2512,19,1539072760
2513,33,1539081025
2514,86,1539086597
2515,75,1539086669
2516,36,1539107234
2517,87,1539110083
2518,75,1539111291
2519,89,1539128796
2520,19,1539140691
2521,23,1539151900
2522,59,1539155667
2523,10,1539162729
2524,42,1539163404
2525,19,1539175666
2526,8,1539186585
2527,98,1539204545
2528,100,1539215422
2529,34,1539219450
2530,55,1539244598
2531,93,1539245204
2532,97,1539248662
2533,97,1539256123
2534,52,1539256133
2535,48,1539257070
2536,81,1539284451
2537,52,1539290076
2538,38,1539295520
2539,20,1539307015
2540,23,1539316231
2541,19,1539323412
2542,75,1539323510
2543,56,1539330420
2544,75,1539334341
2545,95,1539344555
2546,75,1539347661
2547,82,1539348697
2548,82,1539351469
2549,69,1539355153
2550,19,1539361555
2551,35,1539375634
2552,21,1539378357
2553,59,1539380836
2554,97,1539385947
2555,70,1539396304
2556,16,1539396504
2557,48,1539402145
2558,38,1539407201
2559,35,1539408682
2560,19,1539411979
2561,75,1539420833
2562,61,1539421414
2563,75,1539430594
2564,75,1539431708
2565,97,1539444176
2566,19,1539446068
2567,53,1539455152
2568,57,1539455387
2569,4,1539458980
2570,52,1539460255
2571,2,1539460303
2572,33,1539493547
2573,8,1539499301
2574,61,1539508060
2575,81,1539513493
2576,20,1539513907
2577,55,1539522980
2578,34,1539537656
2579,83,1539539309
2580,63,1539557559
2581,66,1539566090
2582,34,1539566846
2583,80,1539578906
2584,24,1539579695
2585,50,1539582075
2586,23,1539595445
2587,70,1539595607
2588,97,1539597086
2589,92,1539601860
2590,23,1539604704
2591,37,1539609060
2592,15,1539613757
2593,22,1539614040
2594,67,1539616060
2595,79,1539617151
2596,38,1539657184
2597,61,1539678824
2598,52,1539684035
2599,92,1539688282
2600,19,1539730034
2601,71,1539735347
2602,19,1539736802
2603,66,1539738268
2604,83,1539777059
2605,33,1539780593
2606,97,1539781358
2607,60,1539783143
2608,10,1539787301
2609,11,1539799250
2610,20,1539815533
2611,93,1539824261
2612,33,1539833893
2613,88,1539835016
2614,19,1539835854
2615,75,1539838472
2616,20,1539852174
2617,50,1539871125
2618,97,1539874567
2619,70,1539879814
2620,93,1539881515
2621,21,1539881699
2622,16,1539888837
2623,48,1539904429
2624,87,1539909216
2625,19,1539920863
2626,28,1539934339
2627,7,1539936261
2628,68,1539947480
2629,86,1539958660
2630,72,1539963951
2631,17,1539965460
2632,97,1539971956
2633,72,1539994391
2634,40,1540000687
2635,83,1540007461
2636,16,1540020444
2637,38,1540026787
2638,53,1540034393
2639,19,1540037251
2640,21,1540043113
2641,32,1540043420
2642,86,1540044452
2643,66,1540073219
2644,70,1540075872
2645,41,1540081440
2646,52,1540086366
2647,19,1540090853
2648,71,1540099572
2649,34,1540105588
2650,21,1540108813
2651,79,1540131081
2652,2,1540132544
2653,97,1540137143
2654,38,1540137966
2655,71,1540150844
2656,8,1540152695
2657,50,1540156187
2658,21,1540178145
2659,16,1540188503
2660,21,1540189252
2661,8,1540192366
2662,62,1540192600
2663,60,1540205136
2664,8,1540209823
2665,70,1540211799
2666,32,1540214407
2667,67,1540218979
2668,19,1540243570
2669,37,1540258540
2670,70,1540272167
2671,20,1540277706
2672,66,1540286875
2673,19,1540301147
2674,93,1540313689
2675,65,1540315608
2676,63,1540334779
2677,20,1540335334
2678,95,1540339144
2679,20,1540347599
2680,36,1540347775
2681,87,1540347999
2682,48,1540366016
2683,23,1540366101
2684,36,1540380443
2685,16,1540380455
2686,63,1540383444
2687,92,1540387074
2688,70,1540390097
2689,39,1540395349
2690,20,1540420798
2691,70,1540422266
2692,21,1540439373
2693,97,1540440892
2694,23,1540442229
2695,11,1540448327
2696,21,1540449626
2697,16,1540459970
2698,75,1540470279
2699,70,1540472274
2700,100,1540480146
2701,11,1540497970
2702,28,1540499284
2703,63,1540514422
2704,93,1540517591
2705,48,1540520140
2706,97,1540523064
2707,40,1540527135
2708,20,1540530959
2709,48,1540533140
2710,87,1540537846
2711,20,1540543031
2712,97,1540543152
2713,48,1540548165
2714,35,1540557416
2715,48,1540568526
2716,92,1540576193
2717,70,1540581732
2718,48,1540593273
2719,7,1540612639
2720,62,1540620428
2721,33,1540620450
2722,20,1540626838
2723,16,1540654928
2724,97,1540677656
2725,19,1540688385
2726,8,1540704455
2727,23,1540704603
2728,19,1540707871
2729,83,1540707883
2730,19,1540714927
2731,8,1540715685
2732,70,1540720139
2733,7,1540725925
2734,52,1540732697
2735,23,1540738402
2736,67,1540750029
2737,93,1540751699
2738,21,1540761126
2739,8,1540771560
2740,8,1540772021
2741,31,1540776281
2742,97,1540782274
2743,87,1540790275
2744,55,1540801337
2745,20,1540804035
2746,20,1540833219
2747,87,1540836801
2748,56,1540842245
2749,57,1540845909
2750,87,1540847821
2751,98,1540849218
2752,20,1540865422
2753,8,1540875002
2754,60,1540876764
2755,20,1540880404
2756,97,1540881565
2757,20,1540883965
2758,95,1540883991
2759,52,1540891906
2760,75,1540900877
2761,66,1540903601
2762,97,1540910620
2763,88,1540911613
2764,75,1540914739
2765,75,1540918204
2766,65,1540937597
2767,67,1540937967
2768,64,1540943779
2769,97,1540946549
2770,7,1540950308
2771,23,1540954784
2772,19,1540963210
2773,65,1540963253
2774,45,1540966390
2775,16,1540968554
2776,63,1540973073
2777,97,1540973571
2778,20,1540978403
2779,72,1540994313
2780,87,1540994955
2781,97,1541008067
2782,2,1541012416
2783,23,1541013946
2784,63,1541015445
2785,38,1541030671
2786,63,1541033369
2787,74,1541034873
2788,33,1541047945
2789,20,1541048490
2790,70,1541050777
2791,52,1541059146
2792,48,1541071491
2793,83,1541075444
2794,73,1541077227
2795,70,1541077624
2796,66,1541085601
2797,75,1541094213
2798,8,1541098917
2799,21,1541099367
2800,97,1541112653
2801,88,1541119558
2802,50,1541120667
2803,74,1541125966
2804,70,1541128888
2805,39,1541131529
2806,99,1541135963
2807,30,1541138747
2808,82,1541143048
2809,93,1541144040
2810,21,1541166764
2811,67,1541171514
2812,61,1541172126
2813,64,1541179994
2814,2,1541192731
2815,87,1541197184
2816,32,1541198215
2817,87,1541199225
2818,23,1541214935
2819,98,1541217068
2820,97,1541222011
2821,61,1541229931
2822,67,1541233915
2823,27,1541237401
2824,87,1541250352
2825,34,1541264955
2826,31,1541272011
2827,83,1541275807
2828,98,1541280462
2829,48,1541282334
2830,10,1541286256
2831,97,1541290135
2832,97,1541312438
2833,25,1541316562
2834,34,1541317417
2835,23,1541325149
2836,97,1541342906
2837,19,1541344011
2838,21,1541344482
2839,49,1541347046
2840,20,1541353323
2841,66,1541365080
2842,20,1541367490
2843,100,1541370502
2844,79,1541377051
2845,88,1541382179
2846,48,1541384983
2847,96,1541391756
2848,23,1541399476
2849,87,1541412228
2850,32,1541417722
2851,54,1541417735
2852,42,1541430137
2853,15,1541433192
2854,75,1541441020
2855,19,1541443489
2856,23,1541450219
2857,34,1541451754
2858,19,1541451803
2859,6,1541452824
2860,100,1541462984
2861,70,1541463730
2862,19,1541464581
2863,83,1541467240
2864,56,1541468452
2865,63,1541471107
2866,75,1541473268
2867,67,1541477159
2868,16,1541481649
2869,75,1541481879
2870,79,1541481960
2871,20,1541486209
2872,88,1541487065
2873,48,1541487526
2874,47,1541488218
2875,97,1541489184
2876,19,1541489451
2877,23,1541496718
2878,97,1541515501
2879,20,1541520758
2880,97,1541524024
2881,97,1541527284
2882,15,1541533652
2883,63,1541544086
2884,41,1541555003
2885,51,1541558138
2886,28,1541570641
2887,86,1541574979
2888,97,1541575805
2889,87,1541589268
2890,27,1541589509
2891,72,1541589593
2892,33,1541593038
2893,21,1541597793
2894,97,1541598192
2895,38,1541598242
2896,19,1541625305
2897,20,1541627571
2898,72,1541632607
2899,8,1541640206
2900,35,1541641186
2901,50,1541641976
2902,70,1541645732
2903,97,1541653434
2904,75,1541670441
2905,56,1541676499
2906,86,1541684563
2907,17,1541688492
2908,16,1541694130
2909,100,1541699263
2910,87,1541701223
2911,8,1541708898
2912,18,1541711932
2913,33,1541718043
2914,34,1541718778
2915,20,1541724164
2916,21,1541724868
2917,87,1541728886
2918,2,1541744547
2919,71,1541751861
2920,66,1541759806
2921,19,1541771286
2922,20,1541771360
2923,20,1541773679
2924,21,1541774514
2925,82,1541776472
2926,75,1541779499
2927,44,1541780229
2928,70,1541795077
2929,8,1541819822
2930,44,1541828196
2931,82,1541830264
2932,87,1541833876
2933,97,1541842015
2934,97,1541844739
2935,11,1541846324
2936,70,1541848127
2937,70,1541853887
2938,48,1541854779
2939,86,1541862210
2940,8,1541866375
2941,24,1541880389
2942,19,1541898477
2943,21,1541901373
2944,21,1541901616
2945,97,1541902311
2946,34,1541904148
2947,87,1541909149
2948,54,1541917154
2949,15,1541917444
2950,83,1541921219
2951,38,1541928103
2952,55,1541930091
2953,34,1541930175
2954,23,1541936035
2955,70,1541936573
2956,2,1541950862
2957,44,1541956413
2958,28,1541964810
2959,16,1541965036
2960,80,1541970300
2961,20,1541986987
2962,97,1541994357
2963,8,1541996797
2964,25,1542002264
2965,57,1542012084
2966,32,1542020902
2967,21,1542084240
2968,5,1542089027
2969,57,1542109559
2970,27,1542110652
2971,21,1542131768
2972,56,1542144157
2973,99,1542149634
2974,72,1542149932
2975,50,1542159217
2976,8,1542176233
2977,97,1542177137
2978,38,1542186299
2979,50,1542209610
2980,87,1542209628
2981,16,1542216159
2982,100,1542227233
2983,72,1542238843
2984,66,1542248472
2985,70,1542253056
2986,52,1542254265
2987,48,1542267953
2988,41,1542269974
2989,75,1542280551
2990,24,1542294090
2991,70,1542294646
2992,74,1542298853
2993,27,1542309162
2994,8,1542312372
2995,68,1542315746
2996,20,1542319526
2997,37,1542330076
2998,97,1542334253
2999,72,1542340701
3000,77,1542342807
3001,87,1542344431
3002,8,1542353831
3003,21,1542357295
3004,36,1542365126
3005,24,1542377203
3006,97,1542379268
3007,57,1542380940
3008,70,1542386334
3009,87,1542391300
3010,32,1542393753
3011,70,1542394971
3012,53,1542409064
3013,8,1542411653
3014,55,1542412420
3015,82,1542419579
3016,87,1542421470
3017,48,1542424060
3018,66,1542432240
3019,38,1542434821
3020,37,1542440790
3021,87,1542445477
3022,8,1542456623
3023,72,1542463150
3024,60,1542467243
3025,50,1542474583
3026,16,1542475746
3027,21,1542480345
3028,70,1542486367
3029,87,1542486800
3030,34,1542488447
3031,97,1542493676
3032,24,1542496227
3033,97,1542499782
3034,11,1542507275
3035,50,1542509625
3036,8,1542511519
3037,95,1542514808
3038,19,1542515129
3039,87,1542519443
3040,100,1542520102
3041,98,1542528318
3042,5,1542529273
3043,97,1542531170
3044,8,1542541638
3045,97,1542542730
3046,20,1542546657
3047,97,1542560679
3048,34,1542565443
3049,25,1542567473
3050,70,1542571066
3051,20,1542571358
3052,65,1542576869
3053,67,1542581991
3054,48,1542584638
3055,48,1542586235
3056,81,1542588118
3057,88,1542589767
3058,70,1542597975
3059,87,1542602574
3060,23,1542603595
3061,21,1542605337
3062,19,1542608597
3063,21,1542614237
3064,94,1542626485
3065,16,1542626687
3066,97,1542628662
3067,27,1542640143
3068,31,1542643846
3069,87,1542647341
3070,48,1542651510
3071,16,1542652804
3072,57,1542660577
3073,8,1542665813
3074,24,1542668071
3075,98,1542679540
3076,51,1542684551
3077,8,1542684728
3078,87,1542685418
3079,39,1542690620
3080,20,1542699200
3081,19,1542708435
3082,3,1542711423
3083,48,1542712009
3084,38,1542712324
3085,20,1542723142
3086,25,1542733745
3087,84,1542735007
3088,41,1542739953
3089,37,1542740418
3090,40,1542742912
3091,87,1542761615
3092,21,1542762364
3093,52,1542768782
3094,21,1542770547
3095,60,1542777781
3096,41,1542790008
3097,48,1542790185
3098,8,1542793739
3099,50,1542794886
3100,25,1542802716
3101,8,1542808075
3102,41,1542814609
3103,75,1542834031
3104,35,1542839803
3105,88,1542845300
3106,73,1542865261
3107,88,1542868293
3108,67,1542869506
3109,16,1542869559
3110,61,1542871654
3111,21,1542875957
3112,20,1542878237
3113,67,1542888115
3114,97,1542893330
3115,20,1542913588
3116,21,1542914228
3117,16,1542915106
3118,38,1542916823
3119,57,1542920832
3120,50,1542923599
3121,76,1542934685
3122,55,1542936141
3123,97,1542940923
3124,16,1542974628
3125,36,1542974776
3126,97,1542975857
3127,8,1542977698
3128,20,1542990405
3129,79,1542996520
3130,87,1542996571
3131,67,1543001115
3132,65,1543004214
3133,100,1543067708
3134,33,1543071480
3135,12,1543071708
3136,97,1543081649
3137,81,1543090826
3138,74,1543091448
3139,70,1543091664
3140,70,1543095243
3141,20,1543098390
3142,20,1543112333
3143,8,1543119974
3144,79,1543126850
3145,21,1543131125
3146,41,1543134110
3147,8,1543140871
3148,18,1543143376
3149,50,1543149213
3150,20,1543150370
3151,63,1543161997
3152,61,1543166548
3153,97,1543180425
3154,38,1543186792
3155,79,1543188279
3156,97,1543189158
3157,70,1543189255
3158,16,1543195831
3159,19,1543203447
3160,48,1543209797
3161,97,1543215182
3162,97,1543224989
3163,97,1543226753
3164,23,1543228035
3165,44,1543240719
3166,20,1543244687
3167,26,1543255304
3168,70,1543255929
3169,88,1543258736
3170,97,1543263303
3171,8,1543264574
3172,16,1543266087
3173,8,1543267747
3174,97,1543275502
3175,82,1543299997
3176,11,1543301417
3177,20,1543306407
3178,15,1543310264
3179,42,1543310265
3180,63,1543318175
3181,97,1543318254
3182,28,1543320486
3183,79,1543324540
3184,8,1543326241
3185,97,1543326519
3186,20,1543334447
3187,8,1543339875
3188,8,1543347400
3189,72,1543348274
3190,41,1543348460
3191,71,1543350564
3192,97,1543366166
3193,8,1543370290
3194,38,1543373249
3195,48,1543374958
3196,13,1543376549
3197,8,1543377618
3198,20,1543389782
3199,12,1543389811
3200,21,1543393542
3201,72,1543400915
3202,34,1543404775
3203,57,1543416290
3204,67,1543421146
3205,20,1543422042
3206,87,1543425298
3207,87,1543427013
3208,45,1543430666
3209,70,1543437889
3210,97,1543442676
3211,36,1543443584
3212,70,1543445934
3213,35,1543451497
3214,8,1543452765
3215,97,1543454102
3216,20,1543456090
3217,8,1543471327
3218,36,1543471830
3219,38,1543473063
3220,8,1543476806
3221,70,1543490827
3222,8,1543497978
3223,20,1543504062
3224,88,1543509123
3225,23,1543510945
3226,33,1543517359
3227,16,1543541851
3228,48,1543542773
3229,79,1543544632
3230,20,1543545007
3231,55,1543564886
3232,91,1543567730
3233,2,1543568143
3234,72,1543572856
3235,8,1543575675
3236,48,1543590047
3237,20,1543592675
3238,6,1543598500
3239,92,1543602553
3240,100,1543608665
3241,21,1543612984
3242,86,1543618107
3243,25,1543625309
3244,70,1543630704
3245,97,1543631505
3246,86,1543638013
3247,49,1543645043
3248,20,1543646472
3249,20,1543683457
3250,97,1543685135
3251,97,1543688345
3252,40,1543688717
3253,67,1543692462
3254,19,1543694512
3255,27,1543703813
3256,63,1543703960
3257,38,1543705668
3258,24,1543707465
3259,97,1543710278
3260,48,1543712376
3261,23,1543723615
3262,57,1543730049
3263,18,1543730255
3264,86,1543737440
3265,75,1543737623
3266,61,1543742895
3267,52,1543750430
3268,8,1543753885
3269,87,1543755756
3270,53,1543767847
3271,54,1543783628
3272,33,1543788655
3273,34,1543790440
3274,3,1543792080
3275,8,1543795013
3276,70,1543797013
3277,15,1543801633
3278,97,1543811368
3279,34,1543812919
3280,66,1543828333
3281,18,1543838839
3282,8,1543840314
3283,70,1543849255
3284,8,1543860187
3285,72,1543872329
3286,23,1543889279
3287,36,1543890017
3288,8,1543894291
3289,18,1543895523
3290,35,1543895933
3291,87,1543903672
3292,38,1543904553
3293,97,1543905838
3294,99,1543909397
3295,24,1543924136
3296,70,1543925159
3297,97,1543932595
3298,11,1543934519
3299,9,1543935867
3300,31,1543938015
3301,97,1543944628
3302,97,1543946766
3303,20,1543981498
3304,16,1543986699
3305,87,1543988464
3306,97,1543995036
3307,20,1543997655
3308,85,1544005045
3309,20,1544011452
3310,8,1544011530
3311,19,1544013014
3312,20,1544016935
3313,50,1544017182
3314,70,1544018424
3315,97,1544029573
3316,20,1544032125
3317,48,1544051356
3318,72,1544052733
3319,48,1544060417
3320,21,1544066989
3321,16,1544079913
3322,8,1544085771
3323,70,1544087850
3324,2,1544096656
3325,67,1544096724
3326,36,1544099409
3327,8,1544099681
3328,8,1544100449
3329,97,1544102685
3330,70,1544109751
3331,87,1544118466
3332,16,1544118926
3333,70,1544149369
3334,97,1544152709
3335,20,1544160404
3336,32,1544207140
3337,31,1544208334
3338,42,1544209797
3339,88,1544214780
3340,18,1544225752
3341,16,1544233052
3342,38,1544233619
3343,64,1544234730
3344,2,1544235552
3345,8,1544238472
3346,18,1544245645
3347,20,1544258949
3348,24,1544259590
3349,19,1544270038
3350,63,1544284973
3351,20,1544293062
3352,100,1544293594
3353,65,1544301110
3354,14,1544302105
3355,97,1544325612
3356,37,1544326783
3357,33,1544344370
3358,35,1544348897
3359,25,1544373734
3360,11,1544390260
3361,97,1544392976
3362,70,1544393453
3363,20,1544395692
3364,18,1544397483
3365,20,1544412604
3366,37,1544414918
3367,38,1544416867
3368,39,1544418547
3369,15,1544418981
3370,20,1544422887
3371,66,1544424842
3372,87,1544428290
3373,20,1544434535
3374,8,1544436149
3375,42,1544449195
3376,100,1544454001
3377,20,1544457134
3378,69,1544457327
3379,11,1544462005
3380,19,1544481915
3381,71,1544484817
3382,63,1544486919
3383,87,1544496050
3384,97,1544504218
3385,8,1544506604
3386,68,1544508880
3387,97,1544509814
3388,64,1544519497
3389,97,1544528970
3390,16,1544533911
3391,79,1544566265
3392,20,1544568054
3393,79,1544571860
3394,61,1544591468
3395,39,1544591767
3396,20,1544595938
3397,67,1544596430
3398,20,1544605877
3399,97,1544616037
3400,88,1544624805
3401,44,1544629138
3402,20,1544631945
3403,20,1544641918
3404,97,1544642621
3405,97,1544649853
3406,97,1544654033
3407,67,1544661840
3408,64,1544662528
3409,70,1544667106
3410,97,1544669026
3411,33,1544672519
3412,72,1544678582
3413,48,1544682731
3414,8,1544685726
3415,7,1544687415
3416,61,1544690795
3417,8,1544700563
3418,20,1544711459
3419,4,1544717541
3420,8,1544717689
3421,50,1544730120
3422,75,1544731242
3423,20,1544740335
3424,63,1544746007
3425,99,1544756647
3426,20,1544767632
3427,20,1544777743
3428,97,1544780076
3429,52,1544791925
3430,8,1544804947
3431,20,1544806096
3432,18,1544806403
3433,40,1544823017
3434,27,1544826226
3435,40,1544830776
3436,20,1544842012
3437,8,1544847551
3438,23,1544855653
3439,19,1544858553
3440,79,1544874732
3441,63,1544884712
3442,66,1544899075
3443,8,1544901671
3444,52,1544911182
3445,4,1544920248
3446,70,1544929707
3447,16,1544931409
3448,20,1544932068
3449,97,1544933470
3450,87,1544933804
3451,35,1544934214
3452,20,1544947213
3453,20,1544954441
3454,32,1544955491
3455,41,1544957899
3456,87,1544959937
3457,11,1544962088
3458,70,1544964050
3459,18,1544966631
3460,92,1544984020
3461,55,1544985049
3462,70,1544985861
3463,64,1544997046
3464,11,1544999274
3465,82,1545015953
3466,16,1545031070
3467,51,1545031558
3468,8,1545038732
3469,63,1545044696
3470,20,1545044859
3471,88,1545049996
3472,41,1545050585
3473,37,1545051443
3474,20,1545052336
3475,65,1545054513
3476,23,1545054929
3477,52,1545055764
3478,20,1545058429
3479,50,1545065235
3480,93,1545072434
3481,20,1545075132
3482,13,1545089025
3483,82,1545089529
3484,34,1545098400
3485,20,1545107481
3486,72,1545113410
3487,63,1545133370
3488,71,1545137044
3489,15,1545139794
3490,27,1545145232
3491,97,1545149102
3492,99,1545152324
3493,20,1545167886
3494,76,1545200987
3495,8,1545204876
3496,97,1545210078
3497,48,1545216029
3498,20,1545238026
3499,8,1545245377
3500,20,1545247335
3501,64,1545248706
3502,88,1545249785
3503,48,1545250957
3504,39,1545258994
3505,66,1545265053
3506,34,1545276841
3507,20,1545280990
3508,12,1545283155
3509,75,1545285523
3510,8,1545298637
3511,80,1545298949
3512,66,1545309623
3513,73,1545313014
3514,11,1545315215
3515,38,1545316912
3516,8,1545318064
3517,79,1545324447
3518,23,1545325963
3519,88,1545327869
3520,48,1545335717
3521,48,1545342255
3522,88,1545344489
3523,51,1545381867
3524,31,1545389679
3525,23,1545399876
3526,20,1545402312
3527,8,1545404574
3528,87,1545406695
3529,63,1545407350
3530,20,1545409674
3531,20,1545411848
3532,87,1545426957
3533,11,1545435512
3534,20,1545442678
3535,8,1545452768
3536,19,1545469281
3537,97,1545472732
3538,24,1545480760
3539,73,1545484621
3540,48,1545488162
3541,48,1545490340
3542,35,1545496249
3543,97,1545497817
3544,69,1545520572
3545,98,1545521226
3546,72,1545525686
3547,20,1545528509
3548,97,1545530852
3549,98,1545536020
3550,3,1545536407
3551,87,1545542757
3552,20,1545546913
3553,97,1545549348
3554,8,1545552995
3555,23,1545558431
3556,8,1545566823
3557,97,1545570144
3558,32,1545578394
3559,20,1545584443
3560,97,1545590588
3561,97,1545601842
3562,48,1545602860
3563,63,1545604194
3564,100,1545604633
3565,99,1545609163
3566,32,1545620156
3567,71,1545637549
3568,48,1545644661
3569,64,1545646825
3570,99,1545647246
3571,36,1545653875
3572,41,1545654404
3573,36,1545662593
3574,52,1545677552
3575,21,1545683076
3576,5,1545684791
3577,67,1545695978
3578,87,1545701387
3579,27,1545715515
3580,7,1545715657
3581,66,1545717026
3582,20,1545732312
3583,88,1545735355
3584,8,1545736030
3585,75,1545739056
3586,16,1545740628
3587,48,1545752858
3588,52,1545754789
3589,64,1545754990
3590,19,1545759174
3591,97,1545767655
3592,20,1545772562
3593,8,1545775363
3594,24,1545794975
3595,18,1545801009
3596,15,1545803301
3597,97,1545803434
3598,20,1545810264
3599,52,1545812563
3600,20,1545822950
3601,8,1545839546
3602,65,1545856619
3603,34,1545863317
3604,31,1545867441
3605,27,1545875439
3606,75,1545878428
3607,66,1545887445
3608,88,1545890332
3609,88,1545891192
3610,44,1545892939
3611,23,1545893442
3612,31,1545896083
3613,34,1545904141
3614,97,1545915856
3615,27,1545926429
3616,20,1545927746
3617,23,1545931971
3618,17,1545936269
3619,18,1545941782
3620,87,1545944566
3621,11,1545946926
3622,20,1545952230
3623,39,1545958444
3624,19,1545962755
3625,8,1545968638
3626,11,1545968998
3627,74,1545969896
3628,20,1545971409
3629,64,1545972293
3630,6,1545973572
3631,28,1545976082
3632,12,1545993174
3633,70,1545996511
3634,50,1545996629
3635,53,1546008888
3636,73,1546018838
3637,20,1546030890
3638,32,1546033064
3639,97,1546037615
3640,73,1546040347
3641,48,1546046807
3642,80,1546057426
3643,27,1546075007
3644,50,1546075934
3645,20,1546085193
3646,74,1546087689
3647,86,1546089753
3648,11,1546095450
3649,38,1546097099
3650,68,1546102121
3651,74,1546114521
3652,16,1546114966
3653,48,1546115374
3654,63,1546115603
3655,20,1546117848
3656,8,1546124924
3657,63,1546141175
3658,34,1546144471
3659,100,1546154285
3660,32,1546166336
3661,20,1546175488
3662,38,1546178144
3663,64,1546185254
3664,99,1546192651
3665,18,1546216644
3666,33,1546221932
3667,48,1546224418
3668,48,1546226355
3669,83,1546230738
3670,68,1546248921
3671,88,1546255357
3672,12,1546257261
3673,23,1546274088
3674,63,1546296781
3675,15,1546298668
3676,99,1546306747
3677,63,1546327310
3678,42,1546334473
3679,8,1546335365
3680,70,1546350355
3681,98,1546360006
3682,97,1546361242
3683,62,1546363487
3684,23,1546369084
3685,97,1546369435
3686,20,1546377659
3687,88,1546382033
3688,64,1546385072
3689,33,1546387077
3690,8,1546389421
3691,88,1546390512
3692,34,1546392566
3693,27,1546402228
3694,63,1546406837
3695,73,1546413462
3696,20,1546418820
3697,99,1546424671
3698,27,1546424721
3699,73,1546435553
3700,11,1546438870
3701,18,1546442190
3702,18,1546442586
3703,20,1546459104
3704,87,1546459896
3705,97,1546463762
3706,95,1546464375
3707,63,1546465345
3708,11,1546468968
3709,69,1546472207
3710,48,1546475763
3711,20,1546480071
3712,28,1546492101
3713,97,1546492508
3714,23,1546496309
3715,65,1546505537
3716,69,1546507318
3717,52,1546514207
3718,87,1546519823
3719,12,1546539760
3720,72,1546548720
3721,16,1546552469
3722,63,1546563092
3723,20,1546563753
3724,61,1546574599
3725,98,1546615321
3726,87,1546619148
3727,92,1546630413
3728,32,1546652268
3729,8,1546661569
3730,20,1546662428
3731,48,1546673986
3732,10,1546683624
3733,50,1546684265
3734,64,1546688019
3735,36,1546688316
3736,20,1546710735
3737,66,1546712871
3738,64,1546728571
3739,86,1546734782
3740,89,1546737946
3741,33,1546741742
3742,4,1546747683
3743,88,1546749250
3744,50,1546749633
3745,53,1546749656
3746,24,1546751991
3747,88,1546765750
3748,32,1546775991
3749,66,1546782812
3750,8,1546785338
3751,24,1546789001
3752,8,1546838590
3753,63,1546848343
3754,32,1546852202
3755,87,1546859153
3756,64,1546865797
3757,19,1546871949
3758,52,1546872274
3759,55,1546872585
3760,97,1546874746
3761,97,1546888882
3762,20,1546892257
3763,92,1546897150
3764,20,1546904154
3765,48,1546912100
3766,48,1546930833
3767,71,1546953143
3768,63,1546953265
3769,47,1546954975
3770,20,1546961067
3771,32,1546963837
3772,97,1546965123
3773,20,1546989608
3774,11,1546998490
3775,63,1547001076
3776,82,1547015562
3777,81,1547027231
3778,64,1547028063
3779,88,1547033917
3780,63,1547034210
3781,21,1547049119
3782,35,1547051126
3783,63,1547058392
3784,74,1547063881
3785,68,1547068875
3786,36,1547088959
3787,63,1547098060
3788,50,1547098119
3789,88,1547109455
3790,99,1547122273
3791,32,1547124575
3792,34,1547148603
3793,89,1547152913
3794,52,1547161792
3795,88,1547169885
3796,64,1547172701
3797,63,1547172788
3798,18,1547173273
3799,18,1547185831
3800,100,1547188091
3801,71,1547196054
3802,48,1547202914
3803,63,1547221298
3804,30,1547224527
3805,97,1547240415
3806,16,1547243372
3807,86,1547253639
3808,20,1547259524
3809,23,1547260451
3810,24,1547264457
3811,24,1547268120
3812,87,1547270395
3813,87,1547284650
3814,50,1547292422
3815,47,1547296150
3816,13,1547298893
3817,35,1547305830
3818,97,1547308496
3819,28,1547314302
3820,6,1547316450
3821,64,1547324223
3822,61,1547325645
3823,32,1547345574
3824,18,1547347697
3825,88,1547348462
3826,68,1547359708
3827,71,1547363096
3828,15,1547372266
3829,63,1547386626
3830,48,1547403597
3831,99,1547407731
3832,73,1547408273
3833,48,1547411979
3834,27,1547415196
3835,63,1547415619
3836,64,1547426077
3837,52,1547430501
3838,81,1547435790
3839,20,1547440365
3840,27,1547441488
3841,64,1547442581
3842,75,1547446142
3843,48,1547448720
3844,64,1547448953
3845,66,1547457940
3846,31,1547464082
3847,92,1547470364
3848,65,1547481542
3849,83,1547483996
3850,63,1547489392
3851,20,1547514278
3852,64,1547525468
3853,73,1547528229
3854,97,1547530310
3855,20,1547543947
3856,67,1547553092
3857,5,1547562098
3858,40,1547569614
3859,50,1547573086
3860,81,1547621223
3861,63,1547636609
3862,3,1547657833
3863,75,1547661822
3864,32,1547681209
3865,8,1547694312
3866,97,1547703489
3867,31,1547711636
3868,74,1547713256
3869,88,1547713582
3870,32,1547719681
3871,88,1547731941
3872,6,1547733073
3873,64,1547733366
3874,8,1547734120
3875,20,1547734985
3876,64,1547739305
3877,27,1547744323
3878,32,1547745868
3879,75,1547754212
3880,97,1547763805
3881,79,1547766586
3882,96,1547780413
3883,60,1547783994
3884,20,1547785200
3885,32,1547785334
3886,8,1547791652
3887,31,1547792598
3888,50,1547799423
3889,15,1547804332
3890,34,1547810115
3891,53,1547816964
3892,8,1547829126
3893,71,1547830760
3894,33,1547835104
3895,52,1547839651
3896,63,1547852004
3897,23,1547852108
3898,20,1547865033
3899,15,1547867474
3900,73,1547869809
3901,34,1547895022
3902,63,1547899163
3903,11,1547902690
3904,63,1547909700
3905,88,1547925869
3906,68,1547943834
3907,15,1547961388
3908,21,1547973262
3909,62,1547975135
3910,32,1547984692
3911,88,1547989404
3912,32,1547992473
3913,63,1547995158
3914,64,1548001131
3915,18,1548010252
3916,94,1548012049
3917,73,1548031560
3918,75,1548036967
3919,50,1548043300
3920,64,1548044160
3921,88,1548045456
3922,35,1548064248
3923,64,1548066084
3924,60,1548066738
3925,64,1548070625
3926,46,1548073126
3927,67,1548073857
3928,64,1548076594
3929,32,1548077468
3930,75,1548080951
3931,32,1548091279
3932,26,1548093164
3933,63,1548112332
3934,87,1548117757
3935,39,1548127331
3936,21,1548152123
3937,39,1548155040
3938,63,1548160121
3939,55,1548170063
3940,14,1548172394
3941,20,1548174060
3942,19,1548175249
3943,52,1548178692
3944,48,1548179228
3945,63,1548184364
3946,73,1548188375
3947,38,1548194246
3948,23,1548199261
3949,26,1548201122
3950,23,1548207378
3951,63,1548210352
3952,27,1548229440
3953,77,1548242395
3954,92,1548247598
3955,63,1548254267
3956,49,1548282895
3957,75,1548284002
3958,52,1548301547
3959,88,1548309519
3960,37,1548314743
3961,61,1548318432
3962,53,1548344540
3963,20,1548349693
3964,13,1548357244
3965,32,1548360135
3966,1,1548364445
3967,52,1548367613
3968,96,1548371784
3969,72,1548379638
3970,19,1548386055
3971,34,1548386405
3972,33,1548389020
3973,78,1548393985
3974,94,1548398973
3975,18,1548412612
3976,14,1548412932
3977,31,1548414125
3978,28,1548425673
3979,32,1548429669
3980,32,1548433980
3981,73,1548434801
3982,100,1548435098
3983,36,1548455501
3984,48,1548457792
3985,64,1548461597
3986,48,1548462919
3987,92,1548469848
3988,73,1548481727
3989,48,1548485845
3990,64,1548488996
3991,73,1548528340
3992,48,1548536987
3993,67,1548539405
3994,87,1548544195
3995,54,1548549003
3996,74,1548557789
3997,98,1548567631
3998,26,1548571157
3999,57,1548571473
4000,73,1548605140
4001,20,1548617427
4002,79,1548642378
4003,36,1548651383
4004,75,1548653952
4005,59,1548657823
4006,62,1548658853
4007,86,1548668850
4008,52,1548672337
4009,100,1548673096
4010,18,1548680370
4011,62,1548686128
4012,64,1548687646
4013,23,1548697741
4014,15,1548699727
4015,50,1548702642
4016,23,1548702751
4017,97,1548706131
4018,97,1548712345
4019,63,1548725628
4020,96,1548727084
4021,13,1548748797
4022,89,1548756515
4023,64,1548760031
4024,98,1548760962
4025,48,1548804866
4026,48,1548806895
4027,79,1548815757
4028,92,1548817275
4029,5,1548844799
4030,82,1548848090
4031,73,1548850123
4032,6,1548858200
4033,6,1548863963
4034,97,1548868656
4035,97,1548879188
4036,97,1548879275
4037,65,1548880931
4038,34,1548883982
4039,92,1548890567
4040,73,1548894518
4041,76,1548902063
4042,26,1548915221
4043,61,1548915796
4044,55,1548951324
4045,21,1548959884
4046,64,1548962009
4047,96,1548966737
4048,48,1548988509
4049,70,1548989273
4050,67,1548999968
4051,63,1549002112
4052,63,1549022606
4053,89,1549027128
4054,23,1549040662
4055,48,1549044324
4056,46,1549048024
4057,73,1549050664
4058,26,1549058099
4059,23,1549061446
4060,15,1549065472
